Provider_ID,Funding_Source,Delivered_AHC,Target_AHC_Total,Delivered_pct_of_Target
P002,11J,5283,10400,50.8
P002,11K,5661,26130,21.7
P006,11J,6057,28610,21.2
P005,11V,2620,13710,19.1
P006,11K,4933,27330,18.0
P004,FFT,3010,19180,15.7
P001,11J,6214,41000,15.2
P001,FFT,4246,28280,15.0
P003,FFT,3517,24870,14.1
P003,11N,3775,26870,14.0
P007,FFT,3208,25230,12.7
P002,11V,2915,25890,11.3
P002,FFT,3273,30510,10.7
P006,FFT,4268,46970,9.1
P005,FFT,3909,48070,8.1
P007,11N,2520,36170,7.0
P004,11N,2690,40280,6.7
P006,11V,1710,32490,5.3
P004,11V,2360,46870,5.0
