Funding_Source,Outcome_Group,AHC_Funded,Share_within_Stream_%,Share_Overall_%,Share_within_Stream_exact
11J,Achieved,21124,53.8,12.2,53.7972
11J,Not achieved,8211,20.9,4.8,20.9112
11J,Withdrawn,5608,14.3,3.2,14.2821
11J,Continuing,3984,10.1,2.3,10.1462
11J,Learner support,339,0.9,0.2,0.8633
11J,Not funded / not started,0,0.0,0.0,0.0
11K,Achieved,23821,50.3,13.8,50.3413
11K,Not achieved,10732,22.7,6.2,22.6801
11K,Withdrawn,7145,15.1,4.1,15.0996
11K,Continuing,5183,11.0,3.0,10.9533
11K,Learner support,438,0.9,0.3,0.9256
11K,Not funded / not started,0,0.0,0.0,0.0
11N,Achieved,11085,49.1,6.4,49.1465
11N,Not achieved,5095,22.6,2.9,22.5892
11N,Withdrawn,3585,15.9,2.1,15.8945
11N,Continuing,2485,11.0,1.4,11.0175
11N,Learner support,305,1.4,0.2,1.3523
11N,Not funded / not started,0,0.0,0.0,0.0
11V,Achieved,9000,54.4,5.2,54.3971
11V,Not achieved,3200,19.3,1.9,19.3412
11V,Withdrawn,2230,13.5,1.3,13.4784
11V,Continuing,1960,11.8,1.1,11.8465
11V,Learner support,155,0.9,0.1,0.9368
11V,Not funded / not started,0,0.0,0.0,0.0
FFT,Achieved,25419,54.0,14.7,53.9578
FFT,Not achieved,9525,20.2,5.5,20.2191
FFT,Withdrawn,6750,14.3,3.9,14.3285
FFT,Continuing,4992,10.6,2.9,10.5967
FFT,Learner support,423,0.9,0.2,0.8979
FFT,Not funded / not started,0,0.0,0.0,0.0
