Dimension,Group,ATSI,Rate_%,CI_Lower,CI_Upper,Units,Achieved_units,Rate_exact,Lower_exact,Upper_exact
Overall,Overall,Y,58.6,56.3,60.9,1729,1013,58.5888,56.3306,60.8841
Overall,Overall,N,61.4,59.7,63.1,3005,1845,61.3977,59.6828,63.0765
Remoteness,Regional,Y,58.3,53.5,63.1,448,261,58.2589,53.5139,63.0672
Remoteness,Regional,N,58.6,55.1,62.0,799,468,58.5732,55.1423,62.0244
Remoteness,Remote,Y,59.1,56.1,62.1,847,501,59.1499,56.0802,62.1283
Remoteness,Remote,N,63.6,60.9,66.1,1403,892,63.578,60.8789,66.1213
Remoteness,Urban,Y,57.8,53.4,62.3,434,251,57.8341,53.4403,62.2739
Remoteness,Urban,N,60.4,56.8,63.8,803,485,60.3985,56.8264,63.8022
Funding_Source,11J,Y,63.2,58.3,68.0,372,235,63.172,58.3103,67.9621
Funding_Source,11J,N,59.7,56.1,63.2,727,434,59.6974,56.101,63.1945
Funding_Source,11K,Y,57.0,52.7,61.3,514,293,57.0039,52.6908,61.2655
Funding_Source,11K,N,60.4,56.5,63.9,775,468,60.3871,56.4557,63.8604
Funding_Source,11N,Y,53.7,47.8,59.7,229,123,53.7118,47.7674,59.664
Funding_Source,11N,N,59.6,54.1,64.7,344,205,59.593,54.0536,64.6579
Funding_Source,11V,Y,61.1,52.1,69.5,149,91,61.0738,52.1112,69.5364
Funding_Source,11V,N,62.9,57.3,68.6,275,173,62.9091,57.298,68.5612
Funding_Source,FFT,Y,58.3,54.1,62.6,465,271,58.2796,54.0536,62.5561
Funding_Source,FFT,N,63.9,60.6,67.2,884,565,63.914,60.6299,67.1546
