Program_ID,Program_Name,Industry,AHC_Funded,Share_of_Total_%,Units,Distinct_Students,Short_Label,Full_Label
CER30115,Certificate III in Early Childhood Education and Care,Community Services,31357,18.1,691,177,Cert III Early Childhood,Certificate III in Early Childhood Education and Care
CER40115,Certificate IV in Early Childhood Education and Care,Community Services,25793,14.9,548,191,Cert IV Early Childhood,Certificate IV in Early Childhood Education and Care
CHC33015,Certificate III in Individual Support,Community Services,24347,14.1,528,185,Cert III Individual Support,Certificate III in Individual Support
SIS30321,Certificate III in Fitness,Sport & Recreation,15690,9.1,599,204,Cert III Fitness,Certificate III in Fitness
HLT33015,Certificate III in Allied Health Assistance,Health,14141,8.2,535,182,Cert III Allied Health Asst.,Certificate III in Allied Health Assistance
RII20715,Certificate II in Resources and Infrastructure,Resources,14104,8.2,545,187,Cert II Resources,Certificate II in Resources and Infrastructure
BSB30120,Certificate III in Business,Business,13557,7.8,501,172,Cert III Business,Certificate III in Business
BSB20120,Certificate II in Business,Business,11782,6.8,563,169,Cert II Business,Certificate II in Business
AHC20116,Certificate II in Agriculture,Primary Industry,11197,6.5,492,178,Cert II Agriculture,Certificate II in Agriculture
FSK10213,Certificate I in Skills for Vocational Pathways,Foundation Skills,10826,6.3,498,170,Cert I Vocational Pathways,Certificate I in Skills for Vocational Pathways
