Industry,Funding_Source,AHC_Funded,Share_within_FundingSource_%
Community Services,11J,18628,47.4
Business,11J,5867,14.9
Health,11J,3509,8.9
Sport & Recreation,11J,3189,8.1
Resources,11J,2827,7.2
Primary Industry,11J,2648,6.7
Foundation Skills,11J,2598,6.6
Community Services,11K,24132,51.0
Business,11K,5836,12.3
Sport & Recreation,11K,4318,9.1
Resources,11K,4244,9.0
Health,11K,3556,7.5
Primary Industry,11K,2861,6.0
Foundation Skills,11K,2372,5.0
Community Services,11N,9730,43.1
Business,11N,4400,19.5
Sport & Recreation,11N,2240,9.9
Resources,11N,1940,8.6
Health,11N,1610,7.1
Foundation Skills,11N,1480,6.6
Primary Industry,11N,1155,5.1
Community Services,11V,7215,43.6
Business,11V,2215,13.4
Sport & Recreation,11V,2060,12.5
Resources,11V,1520,9.2
Foundation Skills,11V,1400,8.5
Primary Industry,11V,1155,7.0
Health,11V,980,5.9
Community Services,FFT,21792,46.3
Business,FFT,7021,14.9
Health,FFT,4486,9.5
Sport & Recreation,FFT,3883,8.2
Resources,FFT,3573,7.6
Primary Industry,FFT,3378,7.2
Foundation Skills,FFT,2976,6.3
