Program_ID,Short_Label,Industry,Distinct_Students,Units,Units_per_Student,Distinct_Unit_IDs,AHC_Funded,Share_of_Total_%,AHC_per_Unit,AHC_per_Student,Mean_Nominal_Hours_per_Unit,Mean_Funded_Fraction,Mean_Nominal_Hours_per_Unit_exact,Mean_Funded_Fraction_exact
CER30115,Cert III Early Childhood,Community Services,177,691,3.9,5,31357,18.1,45.4,177.2,49.9,0.91,49.8698,0.9098
CER40115,Cert IV Early Childhood,Community Services,191,548,2.9,3,25793,14.9,47.1,135.0,51.7,0.91,51.6971,0.9102
CHC33015,Cert III Individual Support,Community Services,185,528,2.9,3,24347,14.1,46.1,131.6,50.0,0.921,50.0379,0.9207
SIS30321,Cert III Fitness,Sport & Recreation,204,599,2.9,3,15690,9.1,26.2,76.9,30.0,0.874,30.0083,0.8737
HLT33015,Cert III Allied Health Asst.,Health,182,535,2.9,3,14141,8.2,26.4,77.7,29.8,0.884,29.8318,0.8844
RII20715,Cert II Resources,Resources,187,545,2.9,3,14104,8.2,25.9,75.4,30.0,0.862,30.0367,0.8624
BSB30120,Cert III Business,Business,172,501,2.9,3,13557,7.8,27.1,78.8,30.0,0.903,30.0299,0.9028
BSB20120,Cert II Business,Business,169,563,3.3,4,11782,6.8,20.9,69.7,22.4,0.936,22.4334,0.9364
AHC20116,Cert II Agriculture,Primary Industry,178,492,2.8,3,11197,6.5,22.8,62.9,24.9,0.913,24.8984,0.9126
FSK10213,Cert I Vocational Pathways,Foundation Skills,170,498,2.9,3,10826,6.3,21.7,63.7,25.0,0.87,25.0201,0.87
Community Services (3 programs),Community Services combined,Community Services,496,1767,3.6,11,81497,47.2,46.1,164.3,50.5,0.913,50.4867,0.9132
Other 7 programs combined,Other 7 programs combined,Multiple,946,3733,3.9,22,91297,52.8,24.5,96.5,27.5,0.892,27.5087,0.8916
