Dimension,Group,Students,ATSI_students,Share_%,Share_exact,CI_Lower,CI_Upper,Lower_exact,Upper_exact
Overall,Overall,1203,437,36.3,36.3259,33.7,39.1,33.6556,39.0831
Funding_Source,11J,391,135,34.5,34.5269,30.0,39.4,29.9853,39.3695
Funding_Source,11K,461,183,39.7,39.6963,35.3,44.2,35.3329,44.2301
Funding_Source,11N,214,80,37.4,37.3832,31.2,44.0,31.177,44.0343
Funding_Source,11V,163,62,38.0,38.0368,30.9,45.7,30.9405,45.684
Funding_Source,FFT,469,161,34.3,34.3284,30.2,38.7,30.1742,38.7372
Provider_ID,P001,228,80,35.1,35.0877,29.2,41.5,29.1867,41.483
Provider_ID,P002,221,88,39.8,39.819,33.6,46.4,33.592,46.3939
Provider_ID,P003,211,76,36.0,36.019,29.8,42.7,29.8449,42.693
Provider_ID,P004,230,72,31.3,31.3043,25.7,37.6,25.6599,37.5631
Provider_ID,P005,224,79,35.3,35.2679,29.3,41.7,29.3071,41.7253
Provider_ID,P006,215,89,41.4,41.3953,35.0,48.1,35.019,48.0738
Provider_ID,P007,227,94,41.4,41.4097,35.2,47.9,35.1969,47.9084
Provider_ID,P008,229,81,35.4,35.3712,29.5,41.8,29.4666,41.7585
Remoteness,Regional,447,166,37.1,37.1365,32.8,41.7,32.7847,41.7074
Remoteness,Remote,712,258,36.2,36.236,32.8,39.8,32.7878,39.8318
Remoteness,Urban,436,154,35.3,35.3211,31.0,39.9,30.9806,39.918
