Provider_ID,Funding_Source,Remoteness,Target_Share_%,Delivered_Share_%,Diff_pp
P001,11J,Urban,47.4,21.4,-26.1
P001,11J,Regional,23.7,28.9,5.2
P001,11J,Remote,28.9,49.7,20.9
P001,FFT,Urban,42.2,27.8,-14.4
P001,FFT,Regional,27.6,17.4,-10.2
P001,FFT,Remote,30.2,54.8,24.6
P002,11J,Urban,39.4,26.9,-12.5
P002,11J,Regional,20.9,34.0,13.1
P002,11J,Remote,39.7,39.1,-0.6
P002,11K,Urban,43.8,20.4,-23.3
P002,11K,Regional,21.1,34.7,13.6
P002,11K,Remote,35.1,44.8,9.7
P002,11V,Urban,35.3,31.2,-4.1
P002,11V,Regional,39.8,28.3,-11.5
P002,11V,Remote,24.9,40.5,15.6
P002,FFT,Urban,32.6,27.5,-5.1
P002,FFT,Regional,20.0,25.4,5.4
P002,FFT,Remote,47.4,47.1,-0.3
P003,11N,Urban,56.1,23.4,-32.6
P003,11N,Regional,29.0,27.3,-1.8
P003,11N,Remote,14.9,49.3,34.4
P003,FFT,Urban,36.1,19.7,-16.3
P003,FFT,Regional,25.8,24.9,-0.9
P003,FFT,Remote,38.1,55.4,17.3
P004,11N,Urban,55.9,30.5,-25.4
P004,11N,Regional,34.9,18.6,-16.3
P004,11N,Remote,9.2,50.9,41.8
P004,11V,Urban,37.9,27.8,-10.2
P004,11V,Regional,26.7,16.3,-10.4
P004,11V,Remote,35.4,55.9,20.6
P004,FFT,Urban,57.1,35.1,-22.0
P004,FFT,Regional,23.9,26.0,2.1
P004,FFT,Remote,19.0,38.9,19.9
P005,11V,Urban,31.6,19.5,-12.1
P005,11V,Regional,21.8,24.2,2.5
P005,11V,Remote,46.6,56.3,9.7
P005,FFT,Urban,43.1,37.2,-5.9
P005,FFT,Regional,29.7,26.7,-3.0
P005,FFT,Remote,27.3,36.2,8.9
P006,11J,Urban,36.4,25.4,-11.1
P006,11J,Regional,26.4,25.8,-0.6
P006,11J,Remote,37.1,48.8,11.7
P006,11K,Urban,55.9,21.6,-34.3
P006,11K,Regional,20.4,32.4,12.0
P006,11K,Remote,23.7,46.0,22.3
P006,11V,Urban,59.3,19.3,-40.0
P006,11V,Regional,25.2,21.1,-4.2
P006,11V,Remote,15.5,59.6,44.2
P006,FFT,Urban,47.0,13.2,-33.8
P006,FFT,Regional,29.4,25.4,-4.0
P006,FFT,Remote,23.6,61.4,37.8
P007,11N,Urban,50.1,35.5,-14.5
P007,11N,Regional,35.4,29.0,-6.4
P007,11N,Remote,14.6,35.5,20.9
P007,FFT,Urban,55.6,34.8,-20.9
P007,FFT,Regional,20.5,16.0,-4.4
P007,FFT,Remote,23.9,49.2,25.3
