source,target,value
11J,Achieved,21124
11J,Not achieved,8211
11J,Withdrawn,5608
11J,Continuing,3984
11J,Learner support,339
11J,Not funded / not started,0
11K,Achieved,23821
11K,Not achieved,10732
11K,Withdrawn,7145
11K,Continuing,5183
11K,Learner support,438
11K,Not funded / not started,0
11N,Achieved,11085
11N,Not achieved,5095
11N,Withdrawn,3585
11N,Continuing,2485
11N,Learner support,305
11N,Not funded / not started,0
11V,Achieved,9000
11V,Not achieved,3200
11V,Withdrawn,2230
11V,Continuing,1960
11V,Learner support,155
11V,Not funded / not started,0
FFT,Achieved,25419
FFT,Not achieved,9525
FFT,Withdrawn,6750
FFT,Continuing,4992
FFT,Learner support,423
FFT,Not funded / not started,0
