Dimension,Group,Rate_%,CI_Lower,CI_Upper,Units,Students,Achieved_units,Rate_exact,Lower_exact,Upper_exact
Overall,Overall,60.4,59.0,61.8,4734,1198,2858,60.3718,58.9869,61.7556
Funding_Source,11J,60.9,57.8,63.7,1099,389,669,60.8735,57.802,63.7019
Funding_Source,11K,59.0,56.3,61.7,1289,460,761,59.038,56.3203,61.7355
Funding_Source,11N,57.2,53.3,61.2,573,212,328,57.2426,53.2974,61.2178
Funding_Source,11V,62.3,58.0,67.1,424,162,264,62.2642,57.9671,67.0562
Funding_Source,FFT,62.0,59.4,64.5,1349,468,836,61.9718,59.3682,64.485
Provider_ID,P001,60.4,56.7,64.1,624,227,377,60.4167,56.7038,64.0703
Provider_ID,P002,64.1,60.0,68.2,574,220,368,64.1115,60.0,68.1744
Provider_ID,P003,57.6,54.0,61.3,571,211,329,57.6182,53.9652,61.3129
Provider_ID,P004,58.5,54.6,62.3,602,229,352,58.4718,54.6409,62.3165
Provider_ID,P005,59.0,54.9,63.3,598,222,353,59.0301,54.9412,63.3333
Provider_ID,P006,58.8,54.5,63.4,549,212,323,58.8342,54.4658,63.3531
Provider_ID,P007,62.0,57.9,66.0,613,227,380,61.9902,57.8857,65.9811
Provider_ID,P008,62.4,58.1,66.2,603,229,376,62.3549,58.0529,66.2445
Remoteness,Regional,58.5,55.6,61.4,1247,447,729,58.4603,55.5916,61.3692
Remoteness,Remote,61.9,60.0,63.8,2250,707,1393,61.9111,59.9735,63.7705
Remoteness,Urban,59.5,56.7,62.2,1237,433,736,59.4988,56.6588,62.2099
Industry,Business,61.4,58.2,64.6,903,323,554,61.3511,58.2113,64.604
Industry,Community Services,60.6,58.1,63.0,1532,496,928,60.5744,58.1145,63.0309
Industry,Foundation Skills,61.7,57.3,65.9,433,169,267,61.6628,57.3057,65.9211
Industry,Health,61.9,57.4,66.4,452,180,280,61.9469,57.3908,66.3809
Industry,Primary Industry,56.3,51.4,61.0,423,176,238,56.2648,51.3569,61.0183
Industry,Resources,60.0,55.3,64.6,467,185,280,59.9572,55.2909,64.5572
Industry,Sport & Recreation,59.4,54.8,63.8,524,204,311,59.3511,54.8203,63.8072
Delivery_Year,2023,60.2,57.1,63.3,954,354,574,60.1677,57.1132,63.3476
Delivery_Year,2024,59.1,57.0,61.1,2104,673,1243,59.0779,57.0412,61.1389
Delivery_Year,2025,62.1,59.7,64.7,1676,578,1041,62.1122,59.6783,64.6529
