Dimension,Group,Share_Units_ATSI_Y_%,Share_AHC_ATSI_Y_%,Units
Remoteness,Regional,35.9,35.4,1457
Remoteness,Remote,37.8,37.4,2603
Remoteness,Urban,35.7,35.4,1440
Funding_Source,11J,34.4,34.0,1266
Funding_Source,11K,39.5,39.6,1501
Funding_Source,11N,40.0,39.4,667
Funding_Source,11V,37.4,36.1,494
Funding_Source,FFT,34.5,33.6,1572
Provider_ID,P001,36.6,36.2,708
Provider_ID,P002,40.5,39.7,665
Provider_ID,P003,36.4,35.7,656
Provider_ID,P004,31.1,30.8,711
Provider_ID,P005,36.4,35.4,681
Provider_ID,P006,39.6,41.8,657
Provider_ID,P007,41.1,41.3,710
Provider_ID,P008,32.9,30.3,712
