Industry,Remoteness,AHC_Funded,Share_within_Remoteness_%
Community Services,Regional,22820,49.5
Business,Regional,6543,14.2
Sport & Recreation,Regional,4076,8.8
Health,Regional,3842,8.3
Foundation Skills,Regional,3204,6.9
Resources,Regional,3097,6.7
Primary Industry,Regional,2540,5.5
Community Services,Remote,38350,46.8
Business,Remote,12324,15.1
Sport & Recreation,Remote,7326,8.9
Resources,Remote,7182,8.8
Health,Remote,6768,8.3
Primary Industry,Remote,5326,6.5
Foundation Skills,Remote,4600,5.6
Community Services,Urban,20327,45.4
Business,Urban,6472,14.4
Sport & Recreation,Urban,4288,9.6
Resources,Urban,3825,8.5
Health,Urban,3531,7.9
Primary Industry,Urban,3331,7.4
Foundation Skills,Urban,3022,6.7
